Page URL,Load Time (ms)
https://www.gsmarena.com.bd/walton-orbit-y20/,8402
https://www.gsmarena.com.bd/walton-orbit-y20/,6136
https://www.gsmarena.com.bd/walton-orbit-y20/,5669
https://www.gsmarena.com.bd/walton-orbit-y20/,4523
https://www.gsmarena.com.bd/walton-orbit-y20/,4036
https://www.gsmarena.com.bd/walton-orbit-y20/,5212
https://www.gsmarena.com.bd/walton-orbit-y20/,5249
https://www.gsmarena.com.bd/walton-orbit-y20/,4218
https://www.gsmarena.com.bd/walton-orbit-y20/,4097
https://www.gsmarena.com.bd/walton-orbit-y20/,4263
